ReadID,Allele,SNP1,SNP2,SNP3,SNP4,SNP5
1_D7Z6FC_4,Cast,A,C,G,A,A
3_D7Z6FC_4,B6,G,T,C,N,N
4_D7Z6FC_4,B6,G,T,C,G,G
8_D7Z6FC_4,B6,G,T,C,G,G
15_D7Z6FC_4,Cast,A,C,G,A,G
16_D7Z6FC_4,Cast,A,C,G,N,N
18_D7Z6FC_4,Cast,A,C,G,N,N
20_D7Z6FC_4,B6,G,T,C,N,N
30_D7Z6FC_4,B6,G,T,C,G,G
36_D7Z6FC_4,Cast,A,T,C,A,A
39_D7Z6FC_4,Cast,A,C,G,A,G
40_D7Z6FC_4,B6,G,T,-,A,G
42_D7Z6FC_4,Cast,A,C,G,A,A
45_D7Z6FC_4,B6_low_conf,A,T,C,N,N
46_D7Z6FC_4,B6,G,T,C,N,N
51_D7Z6FC_4,B6,A,T,C,A,G
54_D7Z6FC_4,B6,G,T,C,G,G
60_D7Z6FC_4,Cast,A,C,G,A,G
61_D7Z6FC_4,B6,G,T,C,G,G
62_D7Z6FC_4,Cast,A,C,G,A,A
67_D7Z6FC_4,B6,G,C,G,G,G
68_D7Z6FC_4,B6,G,T,C,A,G
73_D7Z6FC_4,B6,G,T,C,G,G
74_D7Z6FC_4,Cast,A,T,C,A,A
75_D7Z6FC_4,B6,G,T,C,G,A
79_D7Z6FC_4,B6,G,T,C,G,G
80_D7Z6FC_4,B6,G,T,C,G,G
83_D7Z6FC_4,Cast,A,C,G,A,A
88_D7Z6FC_4,B6,G,T,C,G,G
90_D7Z6FC_4,Cast,A,C,G,G,G
93_D7Z6FC_4,B6,G,T,C,G,A
95_D7Z6FC_4,B6,G,T,C,G,G
101_D7Z6FC_4,B6,G,T,C,G,A
103_D7Z6FC_4,Cast,A,C,G,A,A
105_D7Z6FC_4,B6,G,T,C,A,A
108_D7Z6FC_4,Cast,A,C,G,G,A
115_D7Z6FC_4,B6,G,T,C,G,G
119_D7Z6FC_4,Cast,G,C,G,G,A
122_D7Z6FC_4,B6,G,T,C,G,G
125_D7Z6FC_4,Cast,A,C,G,A,A
138_D7Z6FC_4,B6,G,T,C,G,G
139_D7Z6FC_4,B6,G,T,C,G,G
140_D7Z6FC_4,B6,G,T,C,G,A
141_D7Z6FC_4,Cast,A,C,G,G,G
143_D7Z6FC_4,B6,G,T,A,G,G
144_D7Z6FC_4,B6,G,T,C,N,N
145_D7Z6FC_4,B6,G,T,C,G,G
148_D7Z6FC_4,B6,G,T,C,G,G
149_D7Z6FC_4,B6,G,T,C,G,G
151_D7Z6FC_4,B6,G,T,C,G,G
153_D7Z6FC_4,B6,G,T,C,G,G
155_D7Z6FC_4,B6,G,T,C,G,G
12_D7Z6FC_4,Cast,A,C,G,A,G
24_D7Z6FC_4,B6,G,T,C,G,G
26_D7Z6FC_4,B6,G,T,C,G,A
28_D7Z6FC_4,B6,G,T,C,G,A
34_D7Z6FC_4,Cast,G,C,G,A,A
38_D7Z6FC_4,Cast,A,T,C,A,A
44_D7Z6FC_4,Cast,A,C,G,A,A
57_D7Z6FC_4,Cast,A,C,G,A,A
59_D7Z6FC_4,B6,G,T,C,A,A
69_D7Z6FC_4,Cast,A,C,G,G,G
78_D7Z6FC_4,B6,G,T,C,G,G
81_D7Z6FC_4,B6,G,T,C,G,G
82_D7Z6FC_4,B6,G,T,C,G,G
84_D7Z6FC_4,Cast,A,C,G,A,A
85_D7Z6FC_4,B6,G,T,C,G,G
96_D7Z6FC_4,B6,G,T,C,G,G
104_D7Z6FC_4,B6,G,T,C,G,G
109_D7Z6FC_4,Cast,A,C,G,G,G
112_D7Z6FC_4,Cast,A,C,G,A,A
116_D7Z6FC_4,B6,G,T,C,G,G
118_D7Z6FC_4,Cast,A,C,G,A,A
129_D7Z6FC_4,Cast,A,C,G,A,A
131_D7Z6FC_4,B6,G,T,C,N,N
142_D7Z6FC_4,B6,G,T,C,A,A
146_D7Z6FC_4,B6,G,T,C,N,N
150_D7Z6FC_4,Cast,-,C,G,A,G
156_D7Z6FC_4,B6,G,T,C,G,G
134_D7Z6FC_4,B6,G,T,C,G,G
137_D7Z6FC_4,B6,G,T,C,G,G
135_D7Z6FC_4,B6,G,T,C,G,G
0_D7Z6FC_4,Cast,A,C,G,A,A
11_D7Z6FC_4,B6,G,T,C,G,A
27_D7Z6FC_4,Cast,A,C,G,A,A
43_D7Z6FC_4,Cast,A,C,G,G,G
100_D7Z6FC_4,Cast,A,C,G,G,G
121_D7Z6FC_4,B6,G,T,C,G,G
5_D7Z6FC_4,B6,G,T,C,G,G
22_D7Z6FC_4,Cast,A,C,G,A,A
23_D7Z6FC_4,Cast_low_conf,-,C,G,G,N
29_D7Z6FC_4,Cast,A,C,G,A,A
47_D7Z6FC_4,B6,G,T,C,A,G
58_D7Z6FC_4,Cast,A,C,G,A,A
63_D7Z6FC_4,B6,G,T,C,G,G
77_D7Z6FC_4,Cast,A,C,G,A,A
91_D7Z6FC_4,B6,G,T,C,G,G
92_D7Z6FC_4,B6,G,T,C,G,G
98_D7Z6FC_4,Cast,A,C,G,A,A
99_D7Z6FC_4,B6,G,T,C,G,G
111_D7Z6FC_4,B6,G,T,C,G,G
120_D7Z6FC_4,B6,G,T,C,G,G
124_D7Z6FC_4,Cast,A,C,G,A,G
128_D7Z6FC_4,Cast,A,C,G,G,A
132_D7Z6FC_4,B6,G,T,C,A,G
6_D7Z6FC_4,B6,G,T,C,A,A
10_D7Z6FC_4,Cast,A,C,G,A,A
13_D7Z6FC_4,B6,G,T,C,G,G
14_D7Z6FC_4,Cast,A,C,G,A,G
17_D7Z6FC_4,B6,G,T,C,G,G
21_D7Z6FC_4,B6,G,T,C,A,A
31_D7Z6FC_4,Cast,A,C,G,A,A
37_D7Z6FC_4,Cast,A,C,G,A,A
48_D7Z6FC_4,Cast,A,C,G,G,N
53_D7Z6FC_4,Cast,A,C,G,A,G
66_D7Z6FC_4,B6,G,T,C,G,G
70_D7Z6FC_4,Cast,A,C,G,G,A
76_D7Z6FC_4,B6,G,T,C,G,G
86_D7Z6FC_4,Cast,A,C,G,G,G
87_D7Z6FC_4,B6,G,T,C,G,G
94_D7Z6FC_4,B6,G,T,C,G,G
114_D7Z6FC_4,B6,G,T,C,G,G
127_D7Z6FC_4,B6,G,T,C,G,G
136_D7Z6FC_4,Cast,G,C,G,A,G
154_D7Z6FC_4,B6,G,T,C,G,G
157_D7Z6FC_4,Cast,A,C,G,A,A
7_D7Z6FC_4,B6,-,T,C,G,G
50_D7Z6FC_4,B6,G,T,C,G,A
102_D7Z6FC_4,B6,G,T,C,G,A
123_D7Z6FC_4,B6,G,C,G,G,G
55_D7Z6FC_4,Cast,N,C,G,A,A
25_D7Z6FC_4,B6,N,T,C,G,G
110_D7Z6FC_4,B6,N,T,C,G,G
41_D7Z6FC_4,Cast,N,C,G,A,A
117_D7Z6FC_4,B6,N,T,C,G,G
126_D7Z6FC_4,B6_low_conf,N,N,N,G,G
130_D7Z6FC_4,Cast_low_conf,N,N,N,A,A
32_D7Z6FC_4,B6_low_conf,N,N,N,G,G
71_D7Z6FC_4,Cast_low_conf,N,N,N,A,A
89_D7Z6FC_4,Cast_low_conf,N,N,N,A,A
133_D7Z6FC_4,Cast_low_conf,N,N,N,A,A
9_D7Z6FC_4,Cast_low_conf,N,N,N,N,A
35_D7Z6FC_4,B6_low_conf,N,N,N,N,G
147_D7Z6FC_4,Cast_low_conf,N,N,N,N,A
