ReadID,SNP1,SNP2,SNP3,Allele
2_D7Z6FC_1,T,G,A,B6
3_D7Z6FC_1,C,A,A,Cast
4_D7Z6FC_1,C,A,A,Cast
8_D7Z6FC_1,C,A,A,Cast
11_D7Z6FC_1,T,G,G,B6
13_D7Z6FC_1,C,G,G,B6
14_D7Z6FC_1,T,G,G,B6
15_D7Z6FC_1,C,G,A,Cast
18_D7Z6FC_1,C,A,A,Cast
20_D7Z6FC_1,C,N,N,Cast_low_conf
23_D7Z6FC_1,T,G,A,B6
24_D7Z6FC_1,T,A,G,B6
26_D7Z6FC_1,T,G,G,B6
27_D7Z6FC_1,-,A,A,Cast
32_D7Z6FC_1,T,G,G,B6
34_D7Z6FC_1,C,A,A,Cast
38_D7Z6FC_1,C,A,G,Cast
40_D7Z6FC_1,T,G,G,B6
45_D7Z6FC_1,C,A,A,Cast
48_D7Z6FC_1,T,G,G,B6
49_D7Z6FC_1,T,G,G,B6
56_D7Z6FC_1,C,A,A,Cast
67_D7Z6FC_1,C,A,A,Cast
73_D7Z6FC_1,T,G,G,B6
74_D7Z6FC_1,T,G,G,B6
79_D7Z6FC_1,T,G,G,B6
83_D7Z6FC_1,C,A,A,Cast
84_D7Z6FC_1,T,A,A,Cast
87_D7Z6FC_1,T,G,G,B6
88_D7Z6FC_1,C,A,G,Cast
90_D7Z6FC_1,C,G,G,B6
91_D7Z6FC_1,C,A,A,Cast
95_D7Z6FC_1,T,G,G,B6
97_D7Z6FC_1,T,G,G,B6
98_D7Z6FC_1,C,A,A,Cast
99_D7Z6FC_1,T,G,G,B6
100_D7Z6FC_1,T,G,G,B6
103_D7Z6FC_1,C,G,G,B6
104_D7Z6FC_1,C,A,A,Cast
108_D7Z6FC_1,T,A,G,B6
110_D7Z6FC_1,C,A,A,Cast
112_D7Z6FC_1,T,-,A,Ambiguous
117_D7Z6FC_1,C,A,G,Cast
118_D7Z6FC_1,C,A,G,Cast
129_D7Z6FC_1,C,N,N,Cast_low_conf
130_D7Z6FC_1,T,G,A,B6
131_D7Z6FC_1,T,G,N,B6
136_D7Z6FC_1,T,G,G,B6
138_D7Z6FC_1,-,G,G,B6
139_D7Z6FC_1,T,G,G,B6
140_D7Z6FC_1,C,A,G,Cast
142_D7Z6FC_1,C,G,G,B6
143_D7Z6FC_1,C,A,A,Cast
145_D7Z6FC_1,C,A,A,Cast
153_D7Z6FC_1,T,G,G,B6
162_D7Z6FC_1,C,A,A,Cast
163_D7Z6FC_1,T,G,G,B6
164_D7Z6FC_1,T,G,G,B6
166_D7Z6FC_1,T,N,N,B6_low_conf
167_D7Z6FC_1,C,A,A,Cast
169_D7Z6FC_1,C,A,A,Cast
170_D7Z6FC_1,T,G,G,B6
171_D7Z6FC_1,C,A,A,Cast
174_D7Z6FC_1,T,G,G,B6
180_D7Z6FC_1,C,A,A,Cast
184_D7Z6FC_1,T,A,A,Cast
185_D7Z6FC_1,T,G,A,B6
186_D7Z6FC_1,C,A,A,Cast
187_D7Z6FC_1,C,A,A,Cast
190_D7Z6FC_1,T,G,A,B6
192_D7Z6FC_1,T,A,G,B6
195_D7Z6FC_1,T,G,G,B6
198_D7Z6FC_1,C,A,A,Cast
199_D7Z6FC_1,T,G,G,B6
201_D7Z6FC_1,C,A,A,Cast
205_D7Z6FC_1,C,A,A,Cast
206_D7Z6FC_1,C,N,N,Cast_low_conf
211_D7Z6FC_1,T,G,G,B6
212_D7Z6FC_1,C,G,G,B6
213_D7Z6FC_1,C,A,N,Cast
215_D7Z6FC_1,T,G,G,B6
234_D7Z6FC_1,T,G,G,B6
237_D7Z6FC_1,T,G,G,B6
238_D7Z6FC_1,T,A,G,B6
246_D7Z6FC_1,T,G,G,B6
248_D7Z6FC_1,C,A,A,Cast
250_D7Z6FC_1,C,A,A,Cast
251_D7Z6FC_1,T,G,G,B6
252_D7Z6FC_1,C,A,A,Cast
254_D7Z6FC_1,T,G,G,B6
255_D7Z6FC_1,T,G,G,B6
256_D7Z6FC_1,T,G,A,B6
258_D7Z6FC_1,T,G,G,B6
260_D7Z6FC_1,C,G,A,Cast
261_D7Z6FC_1,C,G,G,B6
262_D7Z6FC_1,C,A,A,Cast
263_D7Z6FC_1,T,G,G,B6
264_D7Z6FC_1,T,G,G,B6
267_D7Z6FC_1,T,G,G,B6
269_D7Z6FC_1,C,G,G,B6
273_D7Z6FC_1,T,G,G,B6
279_D7Z6FC_1,C,A,A,Cast
280_D7Z6FC_1,C,A,A,Cast
281_D7Z6FC_1,T,G,G,B6
284_D7Z6FC_1,T,G,A,B6
286_D7Z6FC_1,T,G,G,B6
292_D7Z6FC_1,C,A,G,Cast
296_D7Z6FC_1,T,G,G,B6
297_D7Z6FC_1,T,G,A,B6
298_D7Z6FC_1,C,N,N,Cast_low_conf
301_D7Z6FC_1,C,A,A,Cast
306_D7Z6FC_1,T,G,G,B6
308_D7Z6FC_1,C,G,G,B6
314_D7Z6FC_1,T,G,A,B6
318_D7Z6FC_1,C,A,A,Cast
320_D7Z6FC_1,T,G,G,B6
326_D7Z6FC_1,T,G,G,B6
332_D7Z6FC_1,T,A,A,Cast
341_D7Z6FC_1,T,G,G,B6
344_D7Z6FC_1,T,G,G,B6
346_D7Z6FC_1,C,A,A,Cast
350_D7Z6FC_1,C,A,A,Cast
354_D7Z6FC_1,C,G,G,B6
356_D7Z6FC_1,C,N,N,Cast_low_conf
358_D7Z6FC_1,T,G,G,B6
362_D7Z6FC_1,T,N,N,B6_low_conf
363_D7Z6FC_1,C,G,G,B6
376_D7Z6FC_1,C,A,G,Cast
384_D7Z6FC_1,T,G,A,B6
387_D7Z6FC_1,C,A,A,Cast
388_D7Z6FC_1,C,N,N,Cast_low_conf
389_D7Z6FC_1,C,A,G,Cast
396_D7Z6FC_1,T,G,G,B6
397_D7Z6FC_1,T,G,A,B6
399_D7Z6FC_1,C,A,G,Cast
401_D7Z6FC_1,T,G,G,B6
402_D7Z6FC_1,C,A,A,Cast
404_D7Z6FC_1,C,A,A,Cast
405_D7Z6FC_1,T,G,G,B6
408_D7Z6FC_1,C,G,A,Cast
410_D7Z6FC_1,T,G,G,B6
422_D7Z6FC_1,C,A,A,Cast
428_D7Z6FC_1,T,N,N,B6_low_conf
434_D7Z6FC_1,C,A,A,Cast
436_D7Z6FC_1,T,A,A,Cast
442_D7Z6FC_1,T,G,G,B6
445_D7Z6FC_1,C,A,A,Cast
447_D7Z6FC_1,T,G,G,B6
448_D7Z6FC_1,C,A,G,Cast
453_D7Z6FC_1,T,G,A,B6
458_D7Z6FC_1,C,A,G,Cast
459_D7Z6FC_1,T,A,A,Cast
460_D7Z6FC_1,T,G,G,B6
461_D7Z6FC_1,T,G,G,B6
463_D7Z6FC_1,T,G,G,B6
464_D7Z6FC_1,C,A,A,Cast
467_D7Z6FC_1,T,G,G,B6
475_D7Z6FC_1,T,G,G,B6
479_D7Z6FC_1,T,G,G,B6
480_D7Z6FC_1,T,G,A,B6
482_D7Z6FC_1,C,A,A,Cast
488_D7Z6FC_1,T,N,N,B6_low_conf
492_D7Z6FC_1,C,A,G,Cast
493_D7Z6FC_1,C,A,A,Cast
496_D7Z6FC_1,T,G,A,B6
502_D7Z6FC_1,T,A,A,Cast
504_D7Z6FC_1,C,A,A,Cast
514_D7Z6FC_1,T,G,G,B6
520_D7Z6FC_1,C,A,A,Cast
526_D7Z6FC_1,T,G,A,B6
532_D7Z6FC_1,T,G,G,B6
538_D7Z6FC_1,T,G,A,B6
539_D7Z6FC_1,T,A,A,Cast
544_D7Z6FC_1,T,G,G,B6
545_D7Z6FC_1,T,G,G,B6
547_D7Z6FC_1,C,A,A,Cast
548_D7Z6FC_1,C,A,A,Cast
550_D7Z6FC_1,C,G,G,B6
551_D7Z6FC_1,C,G,A,Cast
557_D7Z6FC_1,C,A,A,Cast
559_D7Z6FC_1,C,A,A,Cast
562_D7Z6FC_1,T,G,A,B6
566_D7Z6FC_1,C,A,G,Cast
577_D7Z6FC_1,C,G,G,B6
580_D7Z6FC_1,C,G,G,B6
584_D7Z6FC_1,-,A,A,Cast
588_D7Z6FC_1,T,G,G,B6
590_D7Z6FC_1,C,A,A,Cast
592_D7Z6FC_1,C,A,G,Cast
598_D7Z6FC_1,C,A,A,Cast
604_D7Z6FC_1,T,N,N,B6_low_conf
605_D7Z6FC_1,T,G,G,B6
610_D7Z6FC_1,C,A,A,Cast
612_D7Z6FC_1,C,A,A,Cast
615_D7Z6FC_1,C,G,G,B6
622_D7Z6FC_1,T,G,G,B6
634_D7Z6FC_1,C,A,A,Cast
638_D7Z6FC_1,T,G,G,B6
640_D7Z6FC_1,C,A,A,Cast
648_D7Z6FC_1,C,A,G,Cast
655_D7Z6FC_1,C,A,A,Cast
661_D7Z6FC_1,T,G,G,B6
667_D7Z6FC_1,T,G,A,B6
672_D7Z6FC_1,C,A,A,Cast
675_D7Z6FC_1,C,A,A,Cast
678_D7Z6FC_1,T,G,G,B6
684_D7Z6FC_1,T,G,G,B6
685_D7Z6FC_1,C,-,G,Ambiguous
687_D7Z6FC_1,T,G,G,B6
688_D7Z6FC_1,T,G,G,B6
692_D7Z6FC_1,T,G,G,B6
693_D7Z6FC_1,T,G,G,B6
696_D7Z6FC_1,T,G,G,B6
700_D7Z6FC_1,T,G,G,B6
703_D7Z6FC_1,C,A,A,Cast
704_D7Z6FC_1,T,G,G,B6
708_D7Z6FC_1,T,G,G,B6
713_D7Z6FC_1,C,A,A,Cast
719_D7Z6FC_1,C,A,A,Cast
721_D7Z6FC_1,T,G,G,B6
722_D7Z6FC_1,T,N,N,B6_low_conf
723_D7Z6FC_1,C,A,A,Cast
734_D7Z6FC_1,T,N,N,B6_low_conf
735_D7Z6FC_1,C,A,A,Cast
737_D7Z6FC_1,C,N,N,Cast_low_conf
739_D7Z6FC_1,T,G,G,B6
747_D7Z6FC_1,C,A,A,Cast
749_D7Z6FC_1,C,A,A,Cast
750_D7Z6FC_1,T,G,G,B6
753_D7Z6FC_1,C,N,N,Cast_low_conf
762_D7Z6FC_1,C,G,G,B6
766_D7Z6FC_1,C,G,G,B6
767_D7Z6FC_1,T,G,G,B6
768_D7Z6FC_1,T,G,A,B6
771_D7Z6FC_1,C,A,G,Cast
772_D7Z6FC_1,T,G,G,B6
778_D7Z6FC_1,T,G,G,B6
782_D7Z6FC_1,C,A,A,Cast
784_D7Z6FC_1,T,G,G,B6
786_D7Z6FC_1,T,G,A,B6
788_D7Z6FC_1,T,A,A,Cast
789_D7Z6FC_1,T,G,G,B6
790_D7Z6FC_1,C,A,A,Cast
792_D7Z6FC_1,C,A,A,Cast
799_D7Z6FC_1,T,G,G,B6
800_D7Z6FC_1,C,G,G,B6
802_D7Z6FC_1,T,G,G,B6
806_D7Z6FC_1,C,A,A,Cast
807_D7Z6FC_1,T,G,G,B6
809_D7Z6FC_1,T,G,A,B6
810_D7Z6FC_1,C,A,G,Cast
811_D7Z6FC_1,-,A,A,Cast
813_D7Z6FC_1,C,A,A,Cast
816_D7Z6FC_1,C,G,G,B6
818_D7Z6FC_1,T,G,G,B6
823_D7Z6FC_1,T,G,G,B6
828_D7Z6FC_1,C,G,G,B6
829_D7Z6FC_1,C,A,A,Cast
830_D7Z6FC_1,T,G,A,B6
833_D7Z6FC_1,C,A,A,Cast
834_D7Z6FC_1,C,A,A,Cast
835_D7Z6FC_1,T,A,A,Cast
837_D7Z6FC_1,C,N,N,Cast_low_conf
839_D7Z6FC_1,C,G,A,Cast
841_D7Z6FC_1,T,G,G,B6
843_D7Z6FC_1,C,A,A,Cast
847_D7Z6FC_1,T,G,G,B6
854_D7Z6FC_1,C,A,G,Cast
859_D7Z6FC_1,T,N,N,B6_low_conf
862_D7Z6FC_1,-,N,N,Noise/Unknown
865_D7Z6FC_1,C,N,N,Cast_low_conf
867_D7Z6FC_1,T,N,N,B6_low_conf
869_D7Z6FC_1,C,A,A,Cast
872_D7Z6FC_1,T,G,G,B6
874_D7Z6FC_1,C,N,N,Cast_low_conf
888_D7Z6FC_1,C,A,A,Cast
894_D7Z6FC_1,C,A,A,Cast
898_D7Z6FC_1,C,A,A,Cast
905_D7Z6FC_1,C,G,A,Cast
908_D7Z6FC_1,C,A,A,Cast
910_D7Z6FC_1,T,G,G,B6
911_D7Z6FC_1,C,A,G,Cast
916_D7Z6FC_1,C,A,A,Cast
917_D7Z6FC_1,C,A,A,Cast
922_D7Z6FC_1,C,A,A,Cast
923_D7Z6FC_1,T,G,G,B6
928_D7Z6FC_1,C,G,A,Cast
934_D7Z6FC_1,T,G,G,B6
935_D7Z6FC_1,T,G,G,B6
936_D7Z6FC_1,C,A,A,Cast
938_D7Z6FC_1,T,G,G,B6
943_D7Z6FC_1,T,G,G,B6
948_D7Z6FC_1,T,G,G,B6
953_D7Z6FC_1,T,G,G,B6
956_D7Z6FC_1,T,G,G,B6
957_D7Z6FC_1,C,A,A,Cast
961_D7Z6FC_1,T,G,G,B6
963_D7Z6FC_1,C,A,A,Cast
964_D7Z6FC_1,T,G,G,B6
966_D7Z6FC_1,T,G,G,B6
967_D7Z6FC_1,C,N,N,Cast_low_conf
971_D7Z6FC_1,T,G,G,B6
973_D7Z6FC_1,C,G,G,B6
974_D7Z6FC_1,T,G,G,B6
975_D7Z6FC_1,T,G,G,B6
976_D7Z6FC_1,T,A,A,Cast
977_D7Z6FC_1,T,G,A,B6
981_D7Z6FC_1,T,G,G,B6
985_D7Z6FC_1,C,A,A,Cast
986_D7Z6FC_1,T,G,G,B6
987_D7Z6FC_1,C,A,A,Cast
994_D7Z6FC_1,C,A,A,Cast
998_D7Z6FC_1,T,G,A,B6
999_D7Z6FC_1,C,A,G,Cast
1002_D7Z6FC_1,C,A,A,Cast
1009_D7Z6FC_1,T,G,G,B6
1010_D7Z6FC_1,C,N,N,Cast_low_conf
1014_D7Z6FC_1,T,G,G,B6
1016_D7Z6FC_1,C,A,A,Cast
1020_D7Z6FC_1,T,G,A,B6
1022_D7Z6FC_1,T,G,G,B6
1028_D7Z6FC_1,T,G,G,B6
1035_D7Z6FC_1,T,G,A,B6
1038_D7Z6FC_1,C,A,A,Cast
1040_D7Z6FC_1,C,A,A,Cast
1042_D7Z6FC_1,T,G,A,B6
1043_D7Z6FC_1,T,A,G,B6
1046_D7Z6FC_1,T,A,G,B6
1047_D7Z6FC_1,T,A,A,Cast
1048_D7Z6FC_1,C,G,G,B6
1049_D7Z6FC_1,C,A,A,Cast
1056_D7Z6FC_1,T,G,A,B6
1059_D7Z6FC_1,C,A,A,Cast
1060_D7Z6FC_1,C,A,A,Cast
1067_D7Z6FC_1,C,A,N,Cast
1070_D7Z6FC_1,C,A,A,Cast
1071_D7Z6FC_1,C,G,G,B6
1073_D7Z6FC_1,C,A,A,Cast
1075_D7Z6FC_1,C,A,A,Cast
1076_D7Z6FC_1,T,G,G,B6
1077_D7Z6FC_1,T,N,N,B6_low_conf
1079_D7Z6FC_1,C,N,N,Cast_low_conf
1082_D7Z6FC_1,C,A,A,Cast
1083_D7Z6FC_1,T,G,G,B6
1087_D7Z6FC_1,T,G,G,B6
1088_D7Z6FC_1,-,N,N,Noise/Unknown
1093_D7Z6FC_1,C,A,A,Cast
1097_D7Z6FC_1,T,A,A,Cast
1098_D7Z6FC_1,T,N,N,B6_low_conf
1102_D7Z6FC_1,T,G,G,B6
1108_D7Z6FC_1,C,A,A,Cast
1109_D7Z6FC_1,T,A,G,B6
1111_D7Z6FC_1,T,G,G,B6
1112_D7Z6FC_1,T,G,G,B6
1115_D7Z6FC_1,T,N,N,B6_low_conf
1118_D7Z6FC_1,C,A,A,Cast
1119_D7Z6FC_1,C,A,G,Cast
1123_D7Z6FC_1,C,G,G,B6
1126_D7Z6FC_1,C,A,A,Cast
1133_D7Z6FC_1,C,G,G,B6
1140_D7Z6FC_1,C,G,A,Cast
1147_D7Z6FC_1,C,A,G,Cast
1152_D7Z6FC_1,C,G,G,B6
1153_D7Z6FC_1,T,G,G,B6
1154_D7Z6FC_1,T,G,G,B6
1157_D7Z6FC_1,C,G,A,Cast
1158_D7Z6FC_1,C,A,A,Cast
1160_D7Z6FC_1,C,G,G,B6
1161_D7Z6FC_1,C,A,A,Cast
1162_D7Z6FC_1,C,A,A,Cast
1165_D7Z6FC_1,T,G,A,B6
1169_D7Z6FC_1,C,A,A,Cast
1177_D7Z6FC_1,C,A,A,Cast
1179_D7Z6FC_1,C,A,G,Cast
1182_D7Z6FC_1,C,A,A,Cast
1189_D7Z6FC_1,T,G,A,B6
1193_D7Z6FC_1,-,A,G,Ambiguous
1194_D7Z6FC_1,C,A,G,Cast
1195_D7Z6FC_1,C,A,A,Cast
1199_D7Z6FC_1,C,G,A,Cast
1203_D7Z6FC_1,C,A,A,Cast
1206_D7Z6FC_1,T,G,G,B6
1209_D7Z6FC_1,C,A,A,Cast
1211_D7Z6FC_1,T,A,A,Cast
1213_D7Z6FC_1,T,A,A,Cast
1219_D7Z6FC_1,C,A,A,Cast
1220_D7Z6FC_1,C,N,N,Cast_low_conf
1225_D7Z6FC_1,C,A,A,Cast
1226_D7Z6FC_1,T,G,G,B6
1228_D7Z6FC_1,C,A,A,Cast
1229_D7Z6FC_1,T,G,G,B6
1232_D7Z6FC_1,C,A,A,Cast
1237_D7Z6FC_1,C,A,A,Cast
1244_D7Z6FC_1,T,G,A,B6
1246_D7Z6FC_1,C,A,A,Cast
1247_D7Z6FC_1,T,G,G,B6
1250_D7Z6FC_1,C,N,N,Cast_low_conf
0_D7Z6FC_1,T,G,G,B6
10_D7Z6FC_1,C,A,A,Cast
33_D7Z6FC_1,C,G,G,B6
41_D7Z6FC_1,C,A,A,Cast
46_D7Z6FC_1,T,G,G,B6
53_D7Z6FC_1,C,A,A,Cast
57_D7Z6FC_1,C,A,A,Cast
62_D7Z6FC_1,T,G,G,B6
63_D7Z6FC_1,T,A,A,Cast
66_D7Z6FC_1,C,G,G,B6
68_D7Z6FC_1,T,G,G,B6
71_D7Z6FC_1,C,G,G,B6
78_D7Z6FC_1,C,A,A,Cast
81_D7Z6FC_1,C,A,A,Cast
82_D7Z6FC_1,C,A,A,Cast
85_D7Z6FC_1,C,A,A,Cast
94_D7Z6FC_1,C,G,G,B6
96_D7Z6FC_1,T,G,G,B6
101_D7Z6FC_1,T,A,A,Cast
102_D7Z6FC_1,C,G,G,B6
114_D7Z6FC_1,C,A,A,Cast
116_D7Z6FC_1,T,A,G,B6
133_D7Z6FC_1,C,A,A,Cast
134_D7Z6FC_1,T,G,A,B6
141_D7Z6FC_1,C,A,A,Cast
148_D7Z6FC_1,T,A,A,Cast
150_D7Z6FC_1,T,G,A,B6
155_D7Z6FC_1,C,A,A,Cast
156_D7Z6FC_1,T,G,G,B6
157_D7Z6FC_1,T,A,A,Cast
159_D7Z6FC_1,C,G,G,B6
165_D7Z6FC_1,C,A,A,Cast
168_D7Z6FC_1,-,G,G,B6
172_D7Z6FC_1,T,A,G,B6
179_D7Z6FC_1,C,A,A,Cast
183_D7Z6FC_1,T,G,G,B6
189_D7Z6FC_1,C,A,G,Cast
193_D7Z6FC_1,T,G,G,B6
194_D7Z6FC_1,C,A,A,Cast
203_D7Z6FC_1,T,A,A,Cast
210_D7Z6FC_1,C,A,G,Cast
227_D7Z6FC_1,T,G,G,B6
232_D7Z6FC_1,T,A,A,Cast
236_D7Z6FC_1,T,A,A,Cast
239_D7Z6FC_1,C,A,A,Cast
242_D7Z6FC_1,C,A,A,Cast
243_D7Z6FC_1,T,G,G,B6
247_D7Z6FC_1,T,G,G,B6
266_D7Z6FC_1,C,A,A,Cast
268_D7Z6FC_1,C,A,A,Cast
277_D7Z6FC_1,T,G,G,B6
278_D7Z6FC_1,C,A,A,Cast
295_D7Z6FC_1,C,G,A,Cast
299_D7Z6FC_1,T,G,G,B6
312_D7Z6FC_1,-,A,A,Cast
316_D7Z6FC_1,C,A,A,Cast
317_D7Z6FC_1,T,G,G,B6
329_D7Z6FC_1,T,G,G,B6
331_D7Z6FC_1,T,G,G,B6
337_D7Z6FC_1,C,A,A,Cast
348_D7Z6FC_1,T,G,G,B6
349_D7Z6FC_1,C,A,A,Cast
373_D7Z6FC_1,T,G,G,B6
378_D7Z6FC_1,T,G,G,B6
381_D7Z6FC_1,C,G,G,B6
395_D7Z6FC_1,T,A,A,Cast
403_D7Z6FC_1,C,A,A,Cast
412_D7Z6FC_1,T,G,G,B6
415_D7Z6FC_1,C,G,A,Cast
420_D7Z6FC_1,T,G,G,B6
421_D7Z6FC_1,C,A,A,Cast
432_D7Z6FC_1,C,G,A,Cast
439_D7Z6FC_1,T,G,G,B6
446_D7Z6FC_1,C,A,A,Cast
449_D7Z6FC_1,C,A,A,Cast
451_D7Z6FC_1,T,A,A,Cast
454_D7Z6FC_1,C,A,A,Cast
455_D7Z6FC_1,T,G,G,B6
457_D7Z6FC_1,C,G,G,B6
462_D7Z6FC_1,T,G,G,B6
466_D7Z6FC_1,C,G,A,Cast
474_D7Z6FC_1,C,A,A,Cast
476_D7Z6FC_1,T,G,G,B6
481_D7Z6FC_1,T,A,A,Cast
486_D7Z6FC_1,T,G,G,B6
491_D7Z6FC_1,C,G,G,B6
498_D7Z6FC_1,C,N,N,Cast_low_conf
500_D7Z6FC_1,C,A,A,Cast
501_D7Z6FC_1,T,A,A,Cast
507_D7Z6FC_1,C,A,A,Cast
508_D7Z6FC_1,T,A,A,Cast
510_D7Z6FC_1,T,A,A,Cast
516_D7Z6FC_1,C,G,A,Cast
517_D7Z6FC_1,T,A,A,Cast
521_D7Z6FC_1,T,G,G,B6
523_D7Z6FC_1,T,G,G,B6
524_D7Z6FC_1,C,G,G,B6
527_D7Z6FC_1,C,G,G,B6
528_D7Z6FC_1,C,G,A,Cast
529_D7Z6FC_1,C,A,A,Cast
530_D7Z6FC_1,C,A,A,Cast
531_D7Z6FC_1,T,A,A,Cast
535_D7Z6FC_1,C,A,A,Cast
541_D7Z6FC_1,C,G,G,B6
546_D7Z6FC_1,C,A,A,Cast
561_D7Z6FC_1,T,G,G,B6
563_D7Z6FC_1,T,G,G,B6
564_D7Z6FC_1,C,A,A,Cast
572_D7Z6FC_1,T,G,A,B6
573_D7Z6FC_1,T,G,G,B6
575_D7Z6FC_1,C,A,G,Cast
576_D7Z6FC_1,T,G,G,B6
578_D7Z6FC_1,T,G,G,B6
581_D7Z6FC_1,T,G,A,B6
582_D7Z6FC_1,C,A,A,Cast
587_D7Z6FC_1,C,A,A,Cast
589_D7Z6FC_1,T,G,G,B6
613_D7Z6FC_1,C,G,A,Cast
617_D7Z6FC_1,T,G,G,B6
618_D7Z6FC_1,C,A,A,Cast
619_D7Z6FC_1,T,G,G,B6
621_D7Z6FC_1,T,G,G,B6
624_D7Z6FC_1,C,A,A,Cast
626_D7Z6FC_1,C,A,G,Cast
630_D7Z6FC_1,T,G,G,B6
633_D7Z6FC_1,C,G,A,Cast
635_D7Z6FC_1,T,A,A,Cast
637_D7Z6FC_1,C,A,A,Cast
641_D7Z6FC_1,C,A,A,Cast
644_D7Z6FC_1,C,A,A,Cast
647_D7Z6FC_1,C,A,A,Cast
653_D7Z6FC_1,C,A,A,Cast
654_D7Z6FC_1,C,G,A,Cast
658_D7Z6FC_1,C,A,A,Cast
660_D7Z6FC_1,C,A,A,Cast
662_D7Z6FC_1,C,A,A,Cast
666_D7Z6FC_1,C,A,A,Cast
668_D7Z6FC_1,C,A,A,Cast
669_D7Z6FC_1,T,G,G,B6
670_D7Z6FC_1,C,G,G,B6
680_D7Z6FC_1,T,G,G,B6
683_D7Z6FC_1,C,G,G,B6
689_D7Z6FC_1,T,G,G,B6
691_D7Z6FC_1,C,A,A,Cast
694_D7Z6FC_1,T,A,A,Cast
705_D7Z6FC_1,T,G,G,B6
706_D7Z6FC_1,C,G,A,Cast
711_D7Z6FC_1,T,A,A,Cast
712_D7Z6FC_1,T,G,G,B6
728_D7Z6FC_1,T,G,G,B6
736_D7Z6FC_1,C,G,A,Cast
743_D7Z6FC_1,C,G,G,B6
751_D7Z6FC_1,C,A,A,Cast
752_D7Z6FC_1,T,A,G,B6
757_D7Z6FC_1,C,G,G,B6
760_D7Z6FC_1,C,A,A,Cast
761_D7Z6FC_1,C,A,G,Cast
764_D7Z6FC_1,C,G,G,B6
765_D7Z6FC_1,C,A,A,Cast
770_D7Z6FC_1,C,G,G,B6
773_D7Z6FC_1,T,G,A,B6
783_D7Z6FC_1,T,G,G,B6
785_D7Z6FC_1,C,A,A,Cast
794_D7Z6FC_1,C,A,A,Cast
796_D7Z6FC_1,T,G,A,B6
801_D7Z6FC_1,C,A,G,Cast
808_D7Z6FC_1,C,A,A,Cast
832_D7Z6FC_1,C,A,G,Cast
838_D7Z6FC_1,T,A,A,Cast
840_D7Z6FC_1,C,G,G,B6
844_D7Z6FC_1,C,A,A,Cast
846_D7Z6FC_1,C,A,A,Cast
848_D7Z6FC_1,T,A,A,Cast
855_D7Z6FC_1,T,G,G,B6
856_D7Z6FC_1,T,G,G,B6
858_D7Z6FC_1,T,A,A,Cast
860_D7Z6FC_1,C,N,N,Cast_low_conf
871_D7Z6FC_1,T,A,A,Cast
883_D7Z6FC_1,T,G,G,B6
885_D7Z6FC_1,T,G,G,B6
887_D7Z6FC_1,C,A,A,Cast
890_D7Z6FC_1,T,G,G,B6
895_D7Z6FC_1,T,G,G,B6
896_D7Z6FC_1,T,G,G,B6
897_D7Z6FC_1,T,G,G,B6
901_D7Z6FC_1,C,A,A,Cast
902_D7Z6FC_1,C,A,A,Cast
909_D7Z6FC_1,C,A,A,Cast
913_D7Z6FC_1,C,A,A,Cast
915_D7Z6FC_1,C,A,A,Cast
921_D7Z6FC_1,T,G,G,B6
926_D7Z6FC_1,T,G,G,B6
929_D7Z6FC_1,C,A,A,Cast
931_D7Z6FC_1,T,G,G,B6
933_D7Z6FC_1,T,A,A,Cast
939_D7Z6FC_1,C,A,A,Cast
942_D7Z6FC_1,T,G,G,B6
949_D7Z6FC_1,C,A,A,Cast
959_D7Z6FC_1,C,G,A,Cast
960_D7Z6FC_1,C,A,A,Cast
962_D7Z6FC_1,T,G,T,B6
969_D7Z6FC_1,T,A,A,Cast
972_D7Z6FC_1,T,G,G,B6
988_D7Z6FC_1,T,G,G,B6
990_D7Z6FC_1,C,G,G,B6
991_D7Z6FC_1,T,A,A,Cast
1001_D7Z6FC_1,T,N,N,B6_low_conf
1005_D7Z6FC_1,C,G,G,B6
1008_D7Z6FC_1,T,A,A,Cast
1012_D7Z6FC_1,C,G,G,B6
1013_D7Z6FC_1,C,A,A,Cast
1015_D7Z6FC_1,C,G,G,B6
1023_D7Z6FC_1,-,G,A,Ambiguous
1024_D7Z6FC_1,T,G,G,B6
1026_D7Z6FC_1,C,G,G,B6
1027_D7Z6FC_1,C,A,A,Cast
1029_D7Z6FC_1,C,A,A,Cast
1033_D7Z6FC_1,T,G,G,B6
1036_D7Z6FC_1,T,G,G,B6
1037_D7Z6FC_1,C,A,A,Cast
1044_D7Z6FC_1,C,A,G,Cast
1045_D7Z6FC_1,C,A,A,Cast
1050_D7Z6FC_1,C,A,A,Cast
1051_D7Z6FC_1,T,A,G,B6
1053_D7Z6FC_1,T,G,G,B6
1054_D7Z6FC_1,C,A,A,Cast
1061_D7Z6FC_1,C,A,A,Cast
1062_D7Z6FC_1,C,G,G,B6
1064_D7Z6FC_1,C,A,A,Cast
1065_D7Z6FC_1,C,A,A,Cast
1069_D7Z6FC_1,T,G,G,B6
1078_D7Z6FC_1,T,A,A,Cast
1086_D7Z6FC_1,C,A,A,Cast
1089_D7Z6FC_1,C,A,A,Cast
1091_D7Z6FC_1,T,G,G,B6
1095_D7Z6FC_1,T,A,A,Cast
1096_D7Z6FC_1,T,G,G,B6
1105_D7Z6FC_1,C,G,G,B6
1106_D7Z6FC_1,C,A,A,Cast
1116_D7Z6FC_1,T,G,G,B6
1124_D7Z6FC_1,T,G,G,B6
1125_D7Z6FC_1,-,A,A,Cast
1127_D7Z6FC_1,C,A,A,Cast
1128_D7Z6FC_1,T,G,G,B6
1130_D7Z6FC_1,T,G,G,B6
1134_D7Z6FC_1,C,G,A,Cast
1141_D7Z6FC_1,T,A,A,Cast
1142_D7Z6FC_1,C,A,A,Cast
1144_D7Z6FC_1,C,A,A,Cast
1163_D7Z6FC_1,C,G,G,B6
1164_D7Z6FC_1,T,G,G,B6
1166_D7Z6FC_1,T,A,A,Cast
1168_D7Z6FC_1,C,A,A,Cast
1171_D7Z6FC_1,C,A,A,Cast
1172_D7Z6FC_1,C,G,A,Cast
1176_D7Z6FC_1,T,G,G,B6
1180_D7Z6FC_1,C,A,G,Cast
1183_D7Z6FC_1,T,G,G,B6
1185_D7Z6FC_1,T,G,G,B6
1190_D7Z6FC_1,T,G,G,B6
1198_D7Z6FC_1,T,G,G,B6
1200_D7Z6FC_1,C,A,A,Cast
1201_D7Z6FC_1,T,G,G,B6
1205_D7Z6FC_1,T,G,G,B6
1214_D7Z6FC_1,T,A,A,Cast
1216_D7Z6FC_1,C,A,A,Cast
1217_D7Z6FC_1,C,G,A,Cast
1218_D7Z6FC_1,T,G,A,B6
1221_D7Z6FC_1,T,A,A,Cast
1233_D7Z6FC_1,T,A,A,Cast
1234_D7Z6FC_1,T,G,G,B6
1235_D7Z6FC_1,C,A,A,Cast
1236_D7Z6FC_1,T,G,G,B6
1241_D7Z6FC_1,T,G,G,B6
1249_D7Z6FC_1,T,G,G,B6
791_D7Z6FC_1,C,A,A,Cast
946_D7Z6FC_1,T,G,G,B6
135_D7Z6FC_1,T,G,G,B6
1094_D7Z6FC_1,C,A,A,Cast
43_D7Z6FC_1,C,A,A,Cast
93_D7Z6FC_1,C,A,A,Cast
812_D7Z6FC_1,T,A,G,B6
892_D7Z6FC_1,T,A,A,Cast
698_D7Z6FC_1,T,G,G,B6
391_D7Z6FC_1,T,G,G,B6
290_D7Z6FC_1,C,A,A,Cast
413_D7Z6FC_1,C,A,A,Cast
89_D7Z6FC_1,C,-,A,Cast
209_D7Z6FC_1,C,A,A,Cast
330_D7Z6FC_1,T,A,A,Cast
336_D7Z6FC_1,C,G,G,B6
370_D7Z6FC_1,T,G,G,B6
417_D7Z6FC_1,T,G,A,B6
431_D7Z6FC_1,T,A,A,Cast
505_D7Z6FC_1,C,G,G,B6
36_D7Z6FC_1,T,A,A,Cast
64_D7Z6FC_1,C,G,G,B6
119_D7Z6FC_1,T,A,A,Cast
149_D7Z6FC_1,C,A,A,Cast
161_D7Z6FC_1,C,A,G,Cast
178_D7Z6FC_1,C,A,A,Cast
200_D7Z6FC_1,C,G,G,B6
202_D7Z6FC_1,T,G,G,B6
244_D7Z6FC_1,C,A,A,Cast
274_D7Z6FC_1,T,G,G,B6
305_D7Z6FC_1,C,A,A,Cast
355_D7Z6FC_1,C,A,A,Cast
400_D7Z6FC_1,C,A,A,Cast
441_D7Z6FC_1,C,A,A,Cast
450_D7Z6FC_1,C,A,A,Cast
494_D7Z6FC_1,T,G,G,B6
596_D7Z6FC_1,C,A,A,Cast
597_D7Z6FC_1,C,A,A,Cast
600_D7Z6FC_1,T,G,G,B6
671_D7Z6FC_1,C,A,A,Cast
697_D7Z6FC_1,C,G,G,B6
715_D7Z6FC_1,C,G,G,B6
726_D7Z6FC_1,C,A,A,Cast
740_D7Z6FC_1,C,A,A,Cast
758_D7Z6FC_1,T,G,A,B6
769_D7Z6FC_1,C,A,A,Cast
775_D7Z6FC_1,C,A,A,Cast
824_D7Z6FC_1,C,A,A,Cast
870_D7Z6FC_1,T,G,G,B6
891_D7Z6FC_1,C,A,A,Cast
979_D7Z6FC_1,T,A,A,Cast
1004_D7Z6FC_1,T,A,A,Cast
1019_D7Z6FC_1,C,A,A,Cast
1057_D7Z6FC_1,C,G,A,Cast
1099_D7Z6FC_1,T,G,G,B6
1139_D7Z6FC_1,C,A,A,Cast
1156_D7Z6FC_1,T,A,A,Cast
1_D7Z6FC_1,C,N,N,Cast_low_conf
39_D7Z6FC_1,T,G,G,B6
47_D7Z6FC_1,T,G,G,B6
55_D7Z6FC_1,C,G,A,Cast
70_D7Z6FC_1,T,A,A,Cast
72_D7Z6FC_1,C,A,A,Cast
77_D7Z6FC_1,C,G,A,Cast
86_D7Z6FC_1,T,G,A,B6
106_D7Z6FC_1,C,A,A,Cast
152_D7Z6FC_1,C,G,G,B6
158_D7Z6FC_1,C,A,A,Cast
175_D7Z6FC_1,C,G,A,Cast
177_D7Z6FC_1,C,A,A,Cast
181_D7Z6FC_1,C,G,G,B6
191_D7Z6FC_1,T,G,G,B6
196_D7Z6FC_1,C,G,G,B6
218_D7Z6FC_1,T,G,G,B6
241_D7Z6FC_1,C,G,G,B6
249_D7Z6FC_1,T,G,G,B6
271_D7Z6FC_1,-,A,A,Cast
293_D7Z6FC_1,T,G,G,B6
294_D7Z6FC_1,C,A,A,Cast
327_D7Z6FC_1,T,G,G,B6
328_D7Z6FC_1,T,G,G,B6
334_D7Z6FC_1,C,A,A,Cast
338_D7Z6FC_1,C,A,A,Cast
343_D7Z6FC_1,T,A,A,Cast
345_D7Z6FC_1,T,G,G,B6
423_D7Z6FC_1,T,A,G,B6
429_D7Z6FC_1,C,G,G,B6
440_D7Z6FC_1,C,G,G,B6
444_D7Z6FC_1,C,A,A,Cast
485_D7Z6FC_1,C,A,A,Cast
509_D7Z6FC_1,C,A,G,Cast
511_D7Z6FC_1,T,G,G,B6
518_D7Z6FC_1,T,A,A,Cast
537_D7Z6FC_1,T,G,G,B6
554_D7Z6FC_1,C,A,G,Cast
560_D7Z6FC_1,T,G,G,B6
567_D7Z6FC_1,T,G,G,B6
595_D7Z6FC_1,T,A,N,Ambiguous
628_D7Z6FC_1,C,A,A,Cast
629_D7Z6FC_1,C,A,A,Cast
631_D7Z6FC_1,C,A,A,Cast
639_D7Z6FC_1,T,G,G,B6
659_D7Z6FC_1,T,G,G,B6
673_D7Z6FC_1,C,G,G,B6
686_D7Z6FC_1,C,G,G,B6
725_D7Z6FC_1,T,G,G,B6
776_D7Z6FC_1,C,A,G,Cast
781_D7Z6FC_1,C,G,G,B6
797_D7Z6FC_1,T,G,G,B6
804_D7Z6FC_1,C,A,A,Cast
805_D7Z6FC_1,C,G,A,Cast
819_D7Z6FC_1,T,A,A,Cast
821_D7Z6FC_1,C,A,G,Cast
826_D7Z6FC_1,T,A,A,Cast
842_D7Z6FC_1,T,G,G,B6
878_D7Z6FC_1,T,G,G,B6
880_D7Z6FC_1,C,G,A,Cast
886_D7Z6FC_1,C,A,G,Cast
903_D7Z6FC_1,C,A,G,Cast
920_D7Z6FC_1,C,G,G,B6
940_D7Z6FC_1,T,A,G,B6
950_D7Z6FC_1,T,G,G,B6
952_D7Z6FC_1,T,A,A,Cast
954_D7Z6FC_1,T,A,A,Cast
970_D7Z6FC_1,C,A,A,Cast
1003_D7Z6FC_1,T,G,G,B6
1031_D7Z6FC_1,C,A,A,Cast
1032_D7Z6FC_1,T,G,G,B6
1055_D7Z6FC_1,T,G,G,B6
1066_D7Z6FC_1,C,A,A,Cast
1074_D7Z6FC_1,C,A,A,Cast
1103_D7Z6FC_1,T,G,G,B6
1107_D7Z6FC_1,T,G,G,B6
1120_D7Z6FC_1,T,A,A,Cast
1143_D7Z6FC_1,C,A,A,Cast
1148_D7Z6FC_1,T,G,G,B6
1167_D7Z6FC_1,T,G,A,B6
1173_D7Z6FC_1,T,G,A,B6
1178_D7Z6FC_1,T,G,G,B6
1181_D7Z6FC_1,T,G,G,B6
1184_D7Z6FC_1,C,A,A,Cast
1186_D7Z6FC_1,C,A,A,Cast
1210_D7Z6FC_1,C,A,A,Cast
1240_D7Z6FC_1,C,A,G,Cast
1248_D7Z6FC_1,C,G,G,B6
21_D7Z6FC_1,C,A,A,Cast
109_D7Z6FC_1,T,G,G,B6
126_D7Z6FC_1,T,G,G,B6
240_D7Z6FC_1,C,G,G,B6
339_D7Z6FC_1,T,A,A,Cast
512_D7Z6FC_1,T,G,G,B6
585_D7Z6FC_1,T,G,G,B6
980_D7Z6FC_1,C,A,A,Cast
1011_D7Z6FC_1,T,G,A,B6
1151_D7Z6FC_1,C,A,A,Cast
1197_D7Z6FC_1,C,A,G,Cast
1204_D7Z6FC_1,T,G,G,B6
6_D7Z6FC_1,C,A,G,Cast
9_D7Z6FC_1,C,A,A,Cast
12_D7Z6FC_1,C,G,G,B6
25_D7Z6FC_1,C,A,A,Cast
28_D7Z6FC_1,C,A,A,Cast
31_D7Z6FC_1,C,A,G,Cast
35_D7Z6FC_1,C,A,A,Cast
59_D7Z6FC_1,C,A,A,Cast
60_D7Z6FC_1,C,A,G,Cast
92_D7Z6FC_1,C,G,G,B6
111_D7Z6FC_1,T,A,A,Cast
113_D7Z6FC_1,C,G,G,B6
115_D7Z6FC_1,T,A,A,Cast
137_D7Z6FC_1,C,A,A,Cast
144_D7Z6FC_1,C,A,A,Cast
146_D7Z6FC_1,C,G,G,B6
147_D7Z6FC_1,C,A,A,Cast
154_D7Z6FC_1,C,G,G,B6
188_D7Z6FC_1,C,A,A,Cast
197_D7Z6FC_1,C,G,A,Cast
204_D7Z6FC_1,C,A,A,Cast
207_D7Z6FC_1,T,A,A,Cast
208_D7Z6FC_1,T,G,G,B6
216_D7Z6FC_1,C,A,A,Cast
217_D7Z6FC_1,C,G,G,B6
231_D7Z6FC_1,T,G,G,B6
270_D7Z6FC_1,C,A,G,Cast
276_D7Z6FC_1,C,A,A,Cast
282_D7Z6FC_1,C,A,A,Cast
285_D7Z6FC_1,T,A,A,Cast
291_D7Z6FC_1,C,A,A,Cast
307_D7Z6FC_1,C,A,A,Cast
315_D7Z6FC_1,C,A,A,Cast
321_D7Z6FC_1,C,G,G,B6
324_D7Z6FC_1,C,G,G,B6
342_D7Z6FC_1,C,G,G,B6
347_D7Z6FC_1,C,G,G,B6
357_D7Z6FC_1,C,A,A,Cast
360_D7Z6FC_1,T,A,A,Cast
369_D7Z6FC_1,C,G,G,B6
375_D7Z6FC_1,T,G,G,B6
377_D7Z6FC_1,C,G,G,B6
386_D7Z6FC_1,T,A,A,Cast
390_D7Z6FC_1,C,A,A,Cast
392_D7Z6FC_1,T,G,G,B6
393_D7Z6FC_1,C,G,G,B6
398_D7Z6FC_1,T,G,G,B6
407_D7Z6FC_1,T,G,G,B6
416_D7Z6FC_1,T,G,G,B6
418_D7Z6FC_1,T,A,A,Cast
425_D7Z6FC_1,C,A,A,Cast
426_D7Z6FC_1,C,G,A,Cast
452_D7Z6FC_1,C,A,A,Cast
456_D7Z6FC_1,T,A,A,Cast
465_D7Z6FC_1,T,G,G,B6
490_D7Z6FC_1,C,A,A,Cast
506_D7Z6FC_1,C,G,A,Cast
515_D7Z6FC_1,T,G,G,B6
519_D7Z6FC_1,T,-,G,B6
522_D7Z6FC_1,T,G,G,B6
534_D7Z6FC_1,T,G,G,B6
536_D7Z6FC_1,T,A,A,Cast
540_D7Z6FC_1,C,G,G,B6
543_D7Z6FC_1,C,A,A,Cast
549_D7Z6FC_1,C,A,A,Cast
555_D7Z6FC_1,T,G,G,B6
556_D7Z6FC_1,T,G,G,B6
558_D7Z6FC_1,T,A,A,Cast
565_D7Z6FC_1,C,A,A,Cast
569_D7Z6FC_1,C,A,A,Cast
591_D7Z6FC_1,C,A,A,Cast
616_D7Z6FC_1,T,G,A,B6
627_D7Z6FC_1,C,A,A,Cast
636_D7Z6FC_1,C,G,G,B6
642_D7Z6FC_1,C,A,A,Cast
643_D7Z6FC_1,C,A,A,Cast
649_D7Z6FC_1,T,G,A,B6
650_D7Z6FC_1,T,G,G,B6
652_D7Z6FC_1,C,A,A,Cast
663_D7Z6FC_1,T,A,A,Cast
665_D7Z6FC_1,T,G,G,B6
674_D7Z6FC_1,T,G,G,B6
677_D7Z6FC_1,C,G,G,B6
699_D7Z6FC_1,T,G,G,B6
707_D7Z6FC_1,C,A,A,Cast
710_D7Z6FC_1,T,G,G,B6
716_D7Z6FC_1,T,G,G,B6
717_D7Z6FC_1,T,A,A,Cast
727_D7Z6FC_1,C,A,A,Cast
744_D7Z6FC_1,T,G,G,B6
779_D7Z6FC_1,C,A,A,Cast
787_D7Z6FC_1,T,G,G,B6
793_D7Z6FC_1,C,A,A,Cast
795_D7Z6FC_1,T,A,G,B6
798_D7Z6FC_1,T,G,G,B6
803_D7Z6FC_1,T,A,A,Cast
820_D7Z6FC_1,T,G,G,B6
822_D7Z6FC_1,T,A,G,B6
827_D7Z6FC_1,T,A,A,Cast
836_D7Z6FC_1,T,G,G,B6
852_D7Z6FC_1,T,G,G,B6
866_D7Z6FC_1,C,A,G,Cast
879_D7Z6FC_1,C,G,G,B6
881_D7Z6FC_1,C,G,A,Cast
882_D7Z6FC_1,C,A,G,Cast
889_D7Z6FC_1,T,A,A,Cast
899_D7Z6FC_1,C,A,A,Cast
900_D7Z6FC_1,C,A,A,Cast
924_D7Z6FC_1,T,A,A,Cast
927_D7Z6FC_1,C,A,A,Cast
932_D7Z6FC_1,C,A,A,Cast
941_D7Z6FC_1,T,A,G,B6
945_D7Z6FC_1,T,G,G,B6
947_D7Z6FC_1,T,G,G,B6
958_D7Z6FC_1,C,G,A,Cast
968_D7Z6FC_1,C,A,A,Cast
1018_D7Z6FC_1,T,G,G,B6
1030_D7Z6FC_1,C,G,G,B6
1034_D7Z6FC_1,C,A,A,Cast
1041_D7Z6FC_1,T,G,G,B6
1052_D7Z6FC_1,T,G,G,B6
1063_D7Z6FC_1,T,A,A,Cast
1068_D7Z6FC_1,T,G,A,B6
1072_D7Z6FC_1,T,G,G,B6
1081_D7Z6FC_1,C,G,G,B6
1084_D7Z6FC_1,C,A,G,Cast
1090_D7Z6FC_1,C,G,G,B6
1092_D7Z6FC_1,T,G,G,B6
1100_D7Z6FC_1,C,A,G,Cast
1104_D7Z6FC_1,T,G,G,B6
1129_D7Z6FC_1,C,A,A,Cast
1146_D7Z6FC_1,C,G,G,B6
1150_D7Z6FC_1,C,A,A,Cast
1175_D7Z6FC_1,T,G,A,B6
1187_D7Z6FC_1,C,A,A,Cast
1202_D7Z6FC_1,C,G,G,B6
1215_D7Z6FC_1,C,A,A,Cast
1223_D7Z6FC_1,T,G,A,B6
1238_D7Z6FC_1,T,G,G,B6
1242_D7Z6FC_1,T,G,A,B6
1243_D7Z6FC_1,T,G,G,B6
1253_D7Z6FC_1,C,N,N,Cast_low_conf
245_D7Z6FC_1,C,A,A,Cast
435_D7Z6FC_1,T,G,G,B6
513_D7Z6FC_1,C,G,G,B6
533_D7Z6FC_1,T,G,G,B6
682_D7Z6FC_1,T,G,G,B6
984_D7Z6FC_1,T,G,G,B6
1039_D7Z6FC_1,T,A,A,Cast
1137_D7Z6FC_1,C,A,G,Cast
406_D7Z6FC_1,C,A,A,Cast
724_D7Z6FC_1,T,A,G,B6
30_D7Z6FC_1,T,G,G,B6
930_D7Z6FC_1,C,A,G,Cast
1132_D7Z6FC_1,C,A,A,Cast
1227_D7Z6FC_1,T,G,G,B6
22_D7Z6FC_1,C,G,G,B6
44_D7Z6FC_1,T,G,G,B6
272_D7Z6FC_1,C,A,A,Cast
289_D7Z6FC_1,C,G,A,Cast
311_D7Z6FC_1,T,G,G,B6
679_D7Z6FC_1,T,A,A,Cast
925_D7Z6FC_1,T,G,G,B6
1145_D7Z6FC_1,C,G,A,Cast
29_D7Z6FC_1,C,A,A,Cast
1188_D7Z6FC_1,C,A,A,Cast
287_D7Z6FC_1,C,A,A,Cast
283_D7Z6FC_1,T,G,G,B6
676_D7Z6FC_1,C,A,A,Cast
568_D7Z6FC_1,T,-,A,Ambiguous
599_D7Z6FC_1,T,G,G,B6
1170_D7Z6FC_1,T,G,G,B6
309_D7Z6FC_1,T,G,G,B6
868_D7Z6FC_1,C,A,A,Cast
1021_D7Z6FC_1,-,A,A,Cast
912_D7Z6FC_1,C,A,A,Cast
774_D7Z6FC_1,T,G,G,B6
918_D7Z6FC_1,C,G,N,Ambiguous
1113_D7Z6FC_1,T,A,A,Cast
594_D7Z6FC_1,C,A,A,Cast
303_D7Z6FC_1,T,A,A,Cast
50_D7Z6FC_1,C,A,A,Cast
75_D7Z6FC_1,C,A,A,Cast
5_D7Z6FC_1,T,G,N,B6
300_D7Z6FC_1,C,A,A,Cast
319_D7Z6FC_1,T,G,G,B6
430_D7Z6FC_1,C,A,A,Cast
433_D7Z6FC_1,C,A,A,Cast
586_D7Z6FC_1,T,G,G,B6
718_D7Z6FC_1,C,A,G,Cast
720_D7Z6FC_1,-,A,A,Cast
51_D7Z6FC_1,C,G,A,Cast
120_D7Z6FC_1,T,G,G,B6
160_D7Z6FC_1,C,A,A,Cast
265_D7Z6FC_1,C,A,A,Cast
288_D7Z6FC_1,C,A,A,Cast
364_D7Z6FC_1,T,G,G,B6
579_D7Z6FC_1,C,A,G,Cast
253_D7Z6FC_1,T,G,G,B6
257_D7Z6FC_1,T,G,G,B6
333_D7Z6FC_1,T,G,G,B6
361_D7Z6FC_1,T,G,G,B6
414_D7Z6FC_1,T,G,G,B6
437_D7Z6FC_1,T,G,G,B6
937_D7Z6FC_1,T,G,G,B6
1058_D7Z6FC_1,T,G,G,B6
1110_D7Z6FC_1,T,G,G,B6
1159_D7Z6FC_1,T,A,A,Cast
1192_D7Z6FC_1,T,A,A,Cast
313_D7Z6FC_1,T,G,G,B6
52_D7Z6FC_1,N,A,A,Cast
151_D7Z6FC_1,N,A,A,Cast
443_D7Z6FC_1,N,A,G,Ambiguous
1149_D7Z6FC_1,N,A,A,Cast
1196_D7Z6FC_1,N,A,A,Cast
570_D7Z6FC_1,N,A,A,Cast
220_D7Z6FC_1,N,G,A,Ambiguous
499_D7Z6FC_1,N,A,A,Cast
322_D7Z6FC_1,N,G,G,B6
574_D7Z6FC_1,N,G,G,B6
219_D7Z6FC_1,N,G,G,B6
37_D7Z6FC_1,N,A,A,Cast
877_D7Z6FC_1,N,A,A,Cast
1207_D7Z6FC_1,N,G,G,B6
884_D7Z6FC_1,N,A,A,Cast
607_D7Z6FC_1,N,A,A,Cast
7_D7Z6FC_1,N,N,G,B6_low_conf
65_D7Z6FC_1,N,N,A,Cast_low_conf
780_D7Z6FC_1,N,N,G,B6_low_conf
873_D7Z6FC_1,N,N,G,B6_low_conf
876_D7Z6FC_1,N,N,G,B6_low_conf
1121_D7Z6FC_1,N,N,N,Noise/Unknown
1131_D7Z6FC_1,N,N,G,B6_low_conf
1231_D7Z6FC_1,N,N,A,Cast_low_conf
409_D7Z6FC_1,N,N,G,B6_low_conf
759_D7Z6FC_1,N,N,G,B6_low_conf
738_D7Z6FC_1,N,N,G,B6_low_conf
851_D7Z6FC_1,N,N,A,Cast_low_conf
1155_D7Z6FC_1,N,N,G,B6_low_conf
16_D7Z6FC_1,N,N,N,Noise/Unknown
214_D7Z6FC_1,N,N,G,B6_low_conf
225_D7Z6FC_1,N,N,G,B6_low_conf
228_D7Z6FC_1,N,N,G,B6_low_conf
366_D7Z6FC_1,N,N,A,Cast_low_conf
367_D7Z6FC_1,N,N,G,B6_low_conf
380_D7Z6FC_1,N,N,G,B6_low_conf
606_D7Z6FC_1,N,N,G,B6_low_conf
729_D7Z6FC_1,N,N,G,B6_low_conf
748_D7Z6FC_1,N,N,G,B6_low_conf
861_D7Z6FC_1,N,N,G,B6_low_conf
996_D7Z6FC_1,N,N,G,B6_low_conf
997_D7Z6FC_1,N,N,G,B6_low_conf
